Student_10,do nothing,26/3/2019
Student_28,do nothing,26/3/2019
Student_25,do nothing,26/3/2019
Student_18,do nothing,26/3/2019
Student_36,do nothing,26/3/2019
Student_15,do nothing,26/3/2019
Student_26,do nothing,26/3/2019
Student_1,do nothing,26/3/2019
Student_30,do nothing,26/3/2019
Student_4,do nothing,26/3/2019
Student_19,do nothing,26/3/2019
Student_34,do nothing,26/3/2019
Student_27,do nothing,26/3/2019
Student_20,do nothing,26/3/2019
Student_5,do nothing,26/3/2019
Student_12,do nothing,26/3/2019
Student_29,do nothing,26/3/2019
Student_35,notify,26/3/2019
Student_14,notify,26/3/2019
Student_24,notify,26/3/2019
Student_9,notify,26/3/2019
Student_7,notify,26/3/2019
Student_6,notify,26/3/2019
Student_33,notify,26/3/2019
Student_2,notify,26/3/2019
Student_23,notify,26/3/2019
Student_13,notify,26/3/2019
Student_11,notify,26/3/2019
Student_3,notify,26/3/2019
Student_22,notify,26/3/2019
Student_16,notify,26/3/2019
Student_37,notify,26/3/2019
Student_10,do nothing,2/4/2019
Student_28,do nothing,2/4/2019
Student_25,do nothing,2/4/2019
Student_18,do nothing,2/4/2019
Student_36,do nothing,2/4/2019
Student_15,do nothing,2/4/2019
Student_26,do nothing,2/4/2019
Student_1,do nothing,2/4/2019
Student_30,do nothing,2/4/2019
Student_4,do nothing,2/4/2019
Student_19,do nothing,2/4/2019
Student_34,do nothing,2/4/2019
Student_27,do nothing,2/4/2019
Student_20,do nothing,2/4/2019
Student_5,do nothing,2/4/2019
Student_12,do nothing,2/4/2019
Student_29,do nothing,2/4/2019
Student_35,notify,2/4/2019
Student_14,notify,2/4/2019
Student_24,notify,2/4/2019
Student_9,notify,2/4/2019
Student_7,notify,2/4/2019
Student_6,notify,2/4/2019
Student_33,notify,2/4/2019
Student_2,notify,2/4/2019
Student_23,notify,2/4/2019
Student_13,notify,2/4/2019
Student_11,notify,2/4/2019
Student_3,notify,2/4/2019
Student_22,notify,2/4/2019
Student_16,notify,2/4/2019
Student_37,notify,2/4/2019
Student_15,do nothing,9/4/2019
Student_4,do nothing,9/4/2019
Student_25,do nothing,9/4/2019
Student_18,do nothing,9/4/2019
Student_10,do nothing,9/4/2019
Student_36,do nothing,9/4/2019
Student_26,do nothing,9/4/2019
Student_30,do nothing,9/4/2019
Student_28,do nothing,9/4/2019
Student_1,do nothing,9/4/2019
Student_19,do nothing,9/4/2019
Student_34,do nothing,9/4/2019
Student_27,do nothing,9/4/2019
Student_20,do nothing,9/4/2019
Student_17,do nothing,9/4/2019
Student_5,do nothing,9/4/2019
Student_12,do nothing,9/4/2019
Student_29,do nothing,9/4/2019
Student_35,notify,9/4/2019
Student_14,notify,9/4/2019
Student_24,notify,9/4/2019
Student_9,notify,9/4/2019
Student_7,notify,9/4/2019
Student_6,notify,9/4/2019
Student_33,notify,9/4/2019
Student_2,notify,9/4/2019
Student_23,notify,9/4/2019
Student_13,notify,9/4/2019
Student_11,notify,9/4/2019
Student_3,notify,9/4/2019
Student_22,notify,9/4/2019
Student_16,notify,9/4/2019
Student_37,notify,9/4/2019
Student_15,do nothing,16/4/2019
Student_4,do nothing,16/4/2019
Student_25,do nothing,16/4/2019
Student_18,do nothing,16/4/2019
Student_10,do nothing,16/4/2019
Student_36,do nothing,16/4/2019
Student_26,do nothing,16/4/2019
Student_30,do nothing,16/4/2019
Student_28,do nothing,16/4/2019
Student_1,do nothing,16/4/2019
Student_19,do nothing,16/4/2019
Student_34,do nothing,16/4/2019
Student_27,do nothing,16/4/2019
Student_20,do nothing,16/4/2019
Student_17,do nothing,16/4/2019
Student_5,do nothing,16/4/2019
Student_12,do nothing,16/4/2019
Student_29,do nothing,16/4/2019
Student_35,notify,16/4/2019
Student_14,notify,16/4/2019
Student_24,notify,16/4/2019
Student_9,notify,16/4/2019
Student_7,notify,16/4/2019
Student_6,notify,16/4/2019
Student_33,notify,16/4/2019
Student_2,notify,16/4/2019
Student_23,notify,16/4/2019
Student_13,notify,16/4/2019
Student_11,notify,16/4/2019
Student_3,notify,16/4/2019
Student_22,notify,16/4/2019
Student_16,notify,16/4/2019
Student_37,notify,16/4/2019
Student_15,do nothing,4/5/2019
Student_4,do nothing,4/5/2019
Student_25,do nothing,4/5/2019
Student_18,do nothing,4/5/2019
Student_10,do nothing,4/5/2019
Student_36,do nothing,4/5/2019
Student_26,do nothing,4/5/2019
Student_30,do nothing,4/5/2019
Student_28,do nothing,4/5/2019
Student_1,do nothing,4/5/2019
Student_19,do nothing,4/5/2019
Student_34,do nothing,4/5/2019
Student_27,do nothing,4/5/2019
Student_20,do nothing,4/5/2019
Student_17,do nothing,4/5/2019
Student_5,do nothing,4/5/2019
Student_12,do nothing,4/5/2019
Student_29,do nothing,4/5/2019
Student_35,notify,4/5/2019
Student_14,notify,4/5/2019
Student_24,notify,4/5/2019
Student_9,notify,4/5/2019
Student_7,notify,4/5/2019
Student_6,notify,4/5/2019
Student_33,notify,4/5/2019
Student_2,notify,4/5/2019
Student_23,notify,4/5/2019
Student_13,notify,4/5/2019
Student_11,notify,4/5/2019
Student_3,notify,4/5/2019
Student_22,notify,4/5/2019
Student_16,notify,4/5/2019
Student_37,notify,4/5/2019
Student_15,do nothing,30/5/2019
Student_28,do nothing,30/5/2019
Student_18,do nothing,30/5/2019
Student_10,do nothing,30/5/2019
Student_36,do nothing,30/5/2019
Student_26,do nothing,30/5/2019
Student_1,do nothing,30/5/2019
Student_29,do nothing,30/5/2019
Student_4,do nothing,30/5/2019
Student_30,do nothing,30/5/2019
Student_19,do nothing,30/5/2019
Student_34,do nothing,30/5/2019
Student_27,do nothing,30/5/2019
Student_20,do nothing,30/5/2019
Student_17,do nothing,30/5/2019
Student_5,do nothing,30/5/2019
Student_12,do nothing,30/5/2019
Student_25,do nothing,30/5/2019
Student_14,notify,30/5/2019
Student_24,notify,30/5/2019
Student_9,notify,30/5/2019
Student_7,notify,30/5/2019
Student_35,notify,30/5/2019
Student_6,notify,30/5/2019
Student_33,notify,30/5/2019
Student_2,notify,30/5/2019
Student_23,notify,30/5/2019
Student_13,notify,30/5/2019
Student_11,notify,30/5/2019
Student_3,notify,30/5/2019
Student_22,notify,30/5/2019
Student_32,notify,30/5/2019
Student_16,notify,30/5/2019
Student_37,notify,30/5/2019
